{
    "init_pose": [
        [
            -0.9888568978582813,
            0.148862241226773,
            -0.0014382958799644963,
            -114.925
        ],
        [
            -0.1446235430826231,
            -0.9583196301154525,
            0.2463889553563853,
            492.333
        ],
        [
            0.03529966493219068,
            0.2438514295064194,
            0.9691699613500981,
            582.2810000000001
        ],
        [
            0.0,
            0.0,
            0.0,
            1.0
        ]
    ],
    "fueling_pose": [
        [
            -0.9997481844596652,
            0.015842033205844822,
            0.015893321034587727,
            -36.872
        ],
        [
            -0.01604698991669225,
            -0.9997886350850733,
            -0.012852208733914119,
            494.134
        ],
        [
            0.015686356626608233,
            -0.013104012310412074,
            0.9997910897168226,
            884.903
        ],
        [
            0.0,
            0.0,
            0.0,
            1.0
        ]
    ],
    "capture_pose": [
        [
            -0.9888568978582813,
            0.148862241226773,
            -0.0014382958799644963,
            -114.925
        ],
        [
            -0.1446235430826231,
            -0.9583196301154525,
            0.2463889553563853,
            492.333
        ],
        [
            0.03529966493219068,
            0.2438514295064194,
            0.9691699613500981,
            582.2810000000001
        ],
        [
            0.0,
            0.0,
            0.0,
            1.0
        ]
    ],
    "real_pose": [
        [
            -0.9912682644334648,
            0.1223487866251968,
            0.04917318718985092,
            -82.706
        ],
        [
            -0.12864881069511216,
            -0.9791652869380737,
            -0.15711404890146646,
            555.9770000000001
        ],
        [
            0.02892596469954374,
            -0.16206824262273367,
            0.9863555004659218,
            848.84
        ],
        [
            0.0,
            0.0,
            0.0,
            1.0
        ]
    ],
    "validate_pose": [
        [
            -0.9952775336216426,
            0.07722743461739835,
            -0.058809475515728356,
            -103.253
        ],
        [
            -0.08047533186104573,
            -0.9952369182717615,
            0.055019973380410855,
            721.274
        ],
        [
            -0.05428030978056544,
            0.05949285546468605,
            0.9967518488163358,
            911.984
        ],
        [
            0.0,
            0.0,
            0.0,
            1.0
        ]
    ]
}