{
    "init_pose": [
        [
            0.7552530210117774,
            0.6269490077395697,
            0.19112251554160922,
            -42.84
        ],
        [
            -0.5151788333573911,
            0.7481079952285367,
            -0.4182405971873812,
            -545.6189999999999
        ],
        [
            -0.4051958093479019,
            0.21741519995048347,
            0.888001681821262,
            906.043
        ],
        [
            0.0,
            0.0,
            0.0,
            1.0
        ]
    ],
    "fueling_pose": [
        [
            0.7944404196230401,
            0.6070679701785502,
            -0.01824552691656666,
            -47.739999999999995
        ],
        [
            -0.5987437010355117,
            0.7878768822355201,
            0.14406942392171404,
            -516.771
        ],
        [
            0.1018351616067168,
            -0.10353017928184796,
            0.9893993641792997,
            1146.862
        ],
        [
            0.0,
            0.0,
            0.0,
            1.0
        ]
    ],
    "capture_pose": [
        [
            0.7552530210117774,
            0.6269490077395697,
            0.19112251554160922,
            -42.84
        ],
        [
            -0.5151788333573911,
            0.7481079952285367,
            -0.4182405971873812,
            -545.6189999999999
        ],
        [
            -0.4051958093479019,
            0.21741519995048347,
            0.888001681821262,
            906.043
        ],
        [
            0.0,
            0.0,
            0.0,
            1.0
        ]
    ]
}