{
    "init_pose": [
        [
            -0.9998052883282146,
            -0.012064370461862673,
            0.015615261646714354,
            -52.602000000000004
        ],
        [
            0.01656394325536372,
            -0.9431917046475141,
            0.3318358691702121,
            472.992
        ],
        [
            0.010724794392877823,
            0.3320299071612014,
            0.9432078877616298,
            659.143
        ],
        [
            0.0,
            0.0,
            0.0,
            1.0
        ]
    ],
    "fueling_pose": [
        [
            -0.9966129007019658,
            0.08095491501479035,
            -0.014457796836339116,
            -13.559999999999999
        ],
        [
            -0.08172898506856635,
            -0.9945320953171647,
            0.06500987912395732,
            472.49
        ],
        [
            -0.00911587374171246,
            0.06597130526977284,
            0.9977798793957148,
            855.982
        ],
        [
            0.0,
            0.0,
            0.0,
            1.0
        ]
    ],
    "capture_pose": [
        [
            -0.9998052883282146,
            -0.012064370461862673,
            0.015615261646714354,
            -52.602000000000004
        ],
        [
            0.01656394325536372,
            -0.9431917046475141,
            0.3318358691702121,
            472.992
        ],
        [
            0.010724794392877823,
            0.3320299071612014,
            0.9432078877616298,
            659.143
        ],
        [
            0.0,
            0.0,
            0.0,
            1.0
        ]
    ],
    "real_pose": [
        [
            -0.9912682644334648,
            0.1223487866251968,
            0.04917318718985092,
            -82.706
        ],
        [
            -0.12864881069511216,
            -0.9791652869380737,
            -0.15711404890146646,
            555.9770000000001
        ],
        [
            0.02892596469954374,
            -0.16206824262273367,
            0.9863555004659218,
            848.84
        ],
        [
            0.0,
            0.0,
            0.0,
            1.0
        ]
    ],
    "validate_pose": [
        [
            -0.9952775336216426,
            0.07722743461739835,
            -0.058809475515728356,
            -103.253
        ],
        [
            -0.08047533186104573,
            -0.9952369182717615,
            0.055019973380410855,
            721.274
        ],
        [
            -0.05428030978056544,
            0.05949285546468605,
            0.9967518488163358,
            911.984
        ],
        [
            0.0,
            0.0,
            0.0,
            1.0
        ]
    ]
}