{
  "device": "camera1",
  "color_camera": {
    "D": [
      0.2303444743156433,
      -0.4835240840911865,
      -0.000857781560625881,
      0.0011449763551354408,
      -0.23801983892917633,
      -0.49194350838661194,
      -0.443825900554657,
      -0.3956184387207031,
      -0.002513296902179718,
      -0.0005439904052764177,
      -0.0019388245418667793,
      -0.0004399259923957288
    ],
    "K": [
      1862.6287841796875,
      0.0,
      1294.9603271484375,
      0.0,
      1862.7615966796875,
      939.4720458984375,
      0.0,
      0.0,
      1.0
    ],
    "img_size": [2560, 1920]
  },
  "depth_camera": {
    "K": [
      1056.051025390625,
      0.0,
      604.105712890625,
      0.0,
      1056.051025390625,
      456.28497314453125,
      0.0,
      0.0,
      1.0
    ],
    "img_size": [1280, 960]
  },
  "depth_color": [
    0.9999662637710571,
    -0.003892133943736553,
    0.0072313775308430195,
    -24.2769718170166,
    0.003907688893377781,
    0.9999901056289673,
    -0.0021381424739956856,
    -0.005255591124296188,
    -0.0072229839861392975,
    0.002166328253224492,
    0.9999715685844421,
    0.26924729347229004,
    0.0,
    0.0,
    0.0,
    1.0
  ],
  "img_size": [1280, 800],
  "RS_camera": {
    "K": [
      958.7590451049348,
      0.0,
      627.9218616707677,
      0.0,
      959.7424983047307,
      408.16750039604614,
      0.0,
      0.0,
      1.0
    ],
    "img_size": [1280, 800],
    "stereo_baseline": 0.074985
  }
}
