{
    "init_pose": [
        [
            -0.9991240143405459,
            -0.010326797502058584,
            -0.04055319002722711,
            -311.51800000000003
        ],
        [
            -0.0006850530744339127,
            -0.9649073069378286,
            0.26258983171530587,
            409.929
        ],
        [
            -0.04184178139513332,
            0.26238758787591104,
            0.9640549875698705,
            592.007
        ],
        [
            0.0,
            0.0,
            0.0,
            1.0
        ]
    ],
    "fueling_pose": [
        [
            -0.9973094802118885,
            0.06530820218377693,
            -0.033296237129985605,
            -280.07300000000004
        ],
        [
            -0.06090109048259658,
            -0.9909587833938887,
            -0.11954809405647207,
            413.609
        ],
        [
            -0.040802669735250215,
            -0.11719867039359885,
            0.9922699299084141,
            849.236
        ],
        [
            0.0,
            0.0,
            0.0,
            1.0
        ]
    ],
    "capture_pose": [
        [
            -0.9991240143405459,
            -0.010326797502058584,
            -0.04055319002722711,
            -311.51800000000003
        ],
        [
            -0.0006850530744339127,
            -0.9649073069378286,
            0.26258983171530587,
            409.929
        ],
        [
            -0.04184178139513332,
            0.26238758787591104,
            0.9640549875698705,
            592.007
        ],
        [
            0.0,
            0.0,
            0.0,
            1.0
        ]
    ],
    "real_pose": [
        [
            -0.9912682644334648,
            0.1223487866251968,
            0.04917318718985092,
            -82.706
        ],
        [
            -0.12864881069511216,
            -0.9791652869380737,
            -0.15711404890146646,
            555.9770000000001
        ],
        [
            0.02892596469954374,
            -0.16206824262273367,
            0.9863555004659218,
            848.84
        ],
        [
            0.0,
            0.0,
            0.0,
            1.0
        ]
    ],
    "validate_pose": [
        [
            -0.9952775336216426,
            0.07722743461739835,
            -0.058809475515728356,
            -103.253
        ],
        [
            0.0,
            0.0,
            0.0,
            1.0
        ],
        [
            0.0,
            0.0,
            0.0,
            1.0
        ],
        [
            0.0,
            0.0,
            0.0,
            1.0
        ]
    ]
}