{
    "init_pose": [
        [
            0.7128572486887137,
            0.7012760380062264,
            0.006816268058626368,
            -32.52
        ],
        [
            -0.6680970578509282,
            0.6820217553387199,
            -0.29747713615608284,
            -941.471
        ],
        [
            -0.21326243054718017,
            0.2075048041925316,
            0.9547046097899226,
            827.093
        ],
        [
            0.0,
            0.0,
            0.0,
            1.0
        ]
    ],
    "fueling_pose": [
        [
            0.6360897849027156,
            0.7715884324735941,
            0.006409088496749028,
            -85.91699999999999
        ],
        [
            -0.7713568285979965,
            0.6356401146302283,
            0.03114944057461776,
            -972.617
        ],
        [
            0.019960674278649858,
            -0.024757535132004762,
            0.9994941900464103,
            1085.648
        ],
        [
            0.0,
            0.0,
            0.0,
            1.0
        ]
    ],
    "capture_pose": [
        [
            0.7128572486887137,
            0.7012760380062264,
            0.006816268058626368,
            -32.52
        ],
        [
            -0.6680970578509282,
            0.6820217553387199,
            -0.29747713615608284,
            -941.471
        ],
        [
            -0.21326243054718017,
            0.2075048041925316,
            0.9547046097899226,
            827.093
        ],
        [
            0.0,
            0.0,
            0.0,
            1.0
        ]
    ]
}